Package	Version	File	URL	SHA256
askpass	1.2.1	askpass_1.2.1.tar.gz	https://packagemanager.posit.co/cran/2024-11-01/src/contrib/askpass_1.2.1.tar.gz	sha256:6c2106a74c44a748f2cea795d9686e27a0058a90debcfd8558b62b06aec0c7dd
base64enc	0.1-6	base64enc_0.1-6.tar.gz	https://packagemanager.posit.co/cran/2024-11-01/src/contrib/base64enc_0.1-6.tar.gz	sha256:3c7e9d22f7409fa2989008fa6e980c3dd8e2693eb20676acf2470ae7addb0816
boot	1.3-31	boot_1.3-31.tar.gz	https://packagemanager.posit.co/cran/2024-11-01/src/contrib/boot_1.3-31.tar.gz	sha256:83e56aeac763dc9c4d1ebf99f783b01d03e653a15a0386e44c35a20f59f61ab8
bslib	0.11.0	bslib_0.11.0.tar.gz	https://packagemanager.posit.co/cran/2024-11-01/src/contrib/bslib_0.11.0.tar.gz	sha256:e4df478559cb824c39bd55eb7e5f2aa48d39742d88e5015b494602901c2330bb
cachem	1.1.0	cachem_1.1.0.tar.gz	https://packagemanager.posit.co/cran/2024-11-01/src/contrib/cachem_1.1.0.tar.gz	sha256:550839fc2ae5d865db475ba2c1714144f07fa0c052c72135b0e4a70287492e21
class	7.3-22	class_7.3-22.tar.gz	https://packagemanager.posit.co/cran/2024-11-01/src/contrib/class_7.3-22.tar.gz	sha256:3a6b85216b5c2d75c39af182c192bdaee9a6f0d807d98c1f7f29929007a3da67
cli	3.6.6	cli_3.6.6.tar.gz	https://packagemanager.posit.co/cran/2024-11-01/src/contrib/cli_3.6.6.tar.gz	sha256:b2b58d6dd82f5798b335e39c00591686a01fd3e94399ef898e146173e36f18f9
cluster	2.1.6	cluster_2.1.6.tar.gz	https://packagemanager.posit.co/cran/2024-11-01/src/contrib/cluster_2.1.6.tar.gz	sha256:0b270d1f49d06bde691f5943f24f22a83a8bb0091b93df270465a08e070bbb4d
codetools	0.2-20	codetools_0.2-20.tar.gz	https://packagemanager.posit.co/cran/2024-11-01/src/contrib/codetools_0.2-20.tar.gz	sha256:345d039d3a026d32a679f6eae894ffd7796d3351f8dbcdba4b8e55096ad1bee4
colorspace	2.1-1	colorspace_2.1-1.tar.gz	https://packagemanager.posit.co/cran/2024-11-01/src/contrib/colorspace_2.1-1.tar.gz	sha256:e721cee5f4d6e4b0fc8eb18265e316b4f856fd3be02f0775a26032663758cd0b
colourpicker	1.3.0	colourpicker_1.3.0.tar.gz	https://packagemanager.posit.co/cran/2024-11-01/src/contrib/colourpicker_1.3.0.tar.gz	sha256:c7f2618cd1ae1f7ac15aee072c648e6494dfff6714e13dc7cd1da993d1102510
commonmark	2.0.0	commonmark_2.0.0.tar.gz	https://packagemanager.posit.co/cran/2024-11-01/src/contrib/commonmark_2.0.0.tar.gz	sha256:7f47d7f9f4ff5d1e2a73a69f6e233d2ddbafae97944ddf664a6000aa94936904
cowplot	1.1.3	cowplot_1.1.3.tar.gz	https://packagemanager.posit.co/cran/2024-11-01/src/contrib/cowplot_1.1.3.tar.gz	sha256:8756971af5c50381cf00ec7ed622fd5cf3d70f534bdfa3ebadd157b5aef5b273
cpp11	0.5.5	cpp11_0.5.5.tar.gz	https://packagemanager.posit.co/cran/2024-11-01/src/contrib/cpp11_0.5.5.tar.gz	sha256:72486beb0605c1229bf3d422cd536224af8dc09bd389a3116f62f4c7705c62f4
crosstalk	1.2.1	crosstalk_1.2.1.tar.gz	https://packagemanager.posit.co/cran/2024-11-01/src/contrib/crosstalk_1.2.1.tar.gz	sha256:680cf08416d6d5a1194dd85ee5695c268af9d4d01b201448e1d486c6e06014f1
curl	5.2.3	curl_5.2.3.tar.gz	https://packagemanager.posit.co/cran/2024-11-01/src/contrib/curl_5.2.3.tar.gz	sha256:bbe090fced6035fa5189a62a96cd2288067bf5bb4b2b17f1832ed287861707bf
data.table	1.16.2	data.table_1.16.2.tar.gz	https://packagemanager.posit.co/cran/2024-11-01/src/contrib/data.table_1.16.2.tar.gz	sha256:f4abc93f5bd006e51427e8106aaaa4031b673ee9b46b8a14a3669e367b146186
digest	0.6.39	digest_0.6.39.tar.gz	https://packagemanager.posit.co/cran/2024-11-01/src/contrib/digest_0.6.39.tar.gz	sha256:8bf048b49b2d17077138fae758bda56bbd53278d9437f2fdeaedf979c90a13c9
docopt	0.7.1	docopt_0.7.1.tar.gz	https://packagemanager.posit.co/cran/2024-11-01/src/contrib/docopt_0.7.1.tar.gz	sha256:5d0051da779494249a66486dd01aad099ed1764152a25bec297cc95b76ca98dd
dplyr	1.1.4	dplyr_1.1.4.tar.gz	https://packagemanager.posit.co/cran/2024-11-01/src/contrib/dplyr_1.1.4.tar.gz	sha256:cf730414d5d4ab387b4e9890a4b1df9d17a3903488e8da8df1cf2e11e44558cb
EnvStats	3.0.0	EnvStats_3.0.0.tar.gz	https://packagemanager.posit.co/cran/2024-11-01/src/contrib/EnvStats_3.0.0.tar.gz	sha256:0413ec3d44b3251549a254b4afd76f520aaacd5374b463a5813e23e1fa8cd248
evaluate	1.0.5	evaluate_1.0.5.tar.gz	https://packagemanager.posit.co/cran/2024-11-01/src/contrib/evaluate_1.0.5.tar.gz	sha256:47aac79f889a828a5f8b4756cb972d7c2966bb984cbae17a4bd2389a73270794
fansi	1.0.6	fansi_1.0.6.tar.gz	https://packagemanager.posit.co/cran/2024-11-01/src/contrib/fansi_1.0.6.tar.gz	sha256:ea9dc690dfe50a7fad7c5eb863c157d70385512173574c56f4253b6dfe431863
farver	2.1.2	farver_2.1.2.tar.gz	https://packagemanager.posit.co/cran/2024-11-01/src/contrib/farver_2.1.2.tar.gz	sha256:528823b95daab4566137711f1c842027a952bea1b2ae6ff098e2ca512b17fe25
fastmap	1.2.0	fastmap_1.2.0.tar.gz	https://packagemanager.posit.co/cran/2024-11-01/src/contrib/fastmap_1.2.0.tar.gz	sha256:b1da04a2915d1d057f3c2525e295ef15016a64e6667eac83a14641bbd83b9246
fontawesome	0.5.3	fontawesome_0.5.3.tar.gz	https://packagemanager.posit.co/cran/2024-11-01/src/contrib/fontawesome_0.5.3.tar.gz	sha256:1b1909d0fad5ec4c658f5c628a195b9bd93d544afa957e68e897224cfb81fb4f
foreign	0.8-87	foreign_0.8-87.tar.gz	https://packagemanager.posit.co/cran/2024-11-01/src/contrib/foreign_0.8-87.tar.gz	sha256:74e4e8a72907f436c4313529ba70a59f8f40d21994b6fc78d647481204232351
fs	2.1.0	fs_2.1.0.tar.gz	https://packagemanager.posit.co/cran/2024-11-01/src/contrib/fs_2.1.0.tar.gz	sha256:7088af1117d65c4ceb144b532e323f197fc8243b1d704bf6edf40774789829cd
generics	0.1.4	generics_0.1.4.tar.gz	https://packagemanager.posit.co/cran/2024-11-01/src/contrib/generics_0.1.4.tar.gz	sha256:bbe95a097792d38fc3b7e677738af1b95b66ea5e5017e33b8beac6a6088d0801
ggExtra	0.10.1	ggExtra_0.10.1.tar.gz	https://packagemanager.posit.co/cran/2024-11-01/src/contrib/ggExtra_0.10.1.tar.gz	sha256:6879edfe8e3905a2c299cbd18777422223ad30042bc6e20614ca5109a75de82c
ggplot2	3.5.1	ggplot2_3.5.1.tar.gz	https://packagemanager.posit.co/cran/2024-11-01/src/contrib/ggplot2_3.5.1.tar.gz	sha256:7c58b424f99b3634038e6f6d1fe4b0241b8aecb50e9c50466d5590f7e3144721
glue	1.8.1	glue_1.8.1.tar.gz	https://packagemanager.posit.co/cran/2024-11-01/src/contrib/glue_1.8.1.tar.gz	sha256:1c55905d3efc3d5c199ceb0bd12218e97f0d4c64df6038ff41ecef415478a122
gtable	0.3.6	gtable_0.3.6.tar.gz	https://packagemanager.posit.co/cran/2024-11-01/src/contrib/gtable_0.3.6.tar.gz	sha256:d305a5fa11278b649d2d8edc5288bf28009be888a42be58ff8714018e49de0ef
here	1.0.1	here_1.0.1.tar.gz	https://packagemanager.posit.co/cran/2024-11-01/src/contrib/here_1.0.1.tar.gz	sha256:08ed908033420d3d665c87248b3a14d1b6e2b37844bf736be620578c20ca346b
highr	0.12	highr_0.12.tar.gz	https://packagemanager.posit.co/cran/2024-11-01/src/contrib/highr_0.12.tar.gz	sha256:e8e1d6460022a9948799602d6b95dc78fbfa318ff6f0627e95c20b7190fc612b
htmltools	0.5.9	htmltools_0.5.9.tar.gz	https://packagemanager.posit.co/cran/2024-11-01/src/contrib/htmltools_0.5.9.tar.gz	sha256:19308618da485818f69dcfeeadd2ddc81d43a736a74519df7b3fd98e13128afd
htmlwidgets	1.6.4	htmlwidgets_1.6.4.tar.gz	https://packagemanager.posit.co/cran/2024-11-01/src/contrib/htmlwidgets_1.6.4.tar.gz	sha256:7cb08f0b30485dac26f72e4056ec4ed8825d1398e8b9f25ed63db228fe3a0ed0
httpuv	1.6.17	httpuv_1.6.17.tar.gz	https://packagemanager.posit.co/cran/2024-11-01/src/contrib/httpuv_1.6.17.tar.gz	sha256:d18506e13546b8bcd022446bb8344434cc786c2bbe8b3152909e1da42c1d6273
httr	1.4.7	httr_1.4.7.tar.gz	https://packagemanager.posit.co/cran/2024-11-01/src/contrib/httr_1.4.7.tar.gz	sha256:1555e6c2fb67bd38ff11b479f74aa287b2d93f4add487aec53b836ff07de3a3a
isoband	0.3.0	isoband_0.3.0.tar.gz	https://packagemanager.posit.co/cran/2024-11-01/src/contrib/isoband_0.3.0.tar.gz	sha256:fe8d3d58ca75bbee32f389152ac0058818f3f76f09c9867949531de7abc424ac
jquerylib	0.1.4	jquerylib_0.1.4.tar.gz	https://packagemanager.posit.co/cran/2024-11-01/src/contrib/jquerylib_0.1.4.tar.gz	sha256:f0bcc11dcde3a6ff180277e45c24642d3da3c8690900e38f44495efbc9064411
jsonlite	2.0.0	jsonlite_2.0.0.tar.gz	https://packagemanager.posit.co/cran/2024-11-01/src/contrib/jsonlite_2.0.0.tar.gz	sha256:75eb910c82b350ec33f094779da0f87bff154c232e4ae39c9896a9b89f3ac82d
KernSmooth	2.23-24	KernSmooth_2.23-24.tar.gz	https://packagemanager.posit.co/cran/2024-11-01/src/contrib/KernSmooth_2.23-24.tar.gz	sha256:79cfbeeffef5654323ed19c64961ad2de20463f38b569c7bfa23c7d916431de0
knitr	1.51	knitr_1.51.tar.gz	https://packagemanager.posit.co/cran/2024-11-01/src/contrib/knitr_1.51.tar.gz	sha256:bcfa3081677ff5c3881c7cef35f3305bbf6714b01320c81a523772663741ca11
labeling	0.4.3	labeling_0.4.3.tar.gz	https://packagemanager.posit.co/cran/2024-11-01/src/contrib/labeling_0.4.3.tar.gz	sha256:c62f4fc2cc74377d7055903c5f1913b7295f7587456fe468592738a483e264f2
later	1.4.8	later_1.4.8.tar.gz	https://packagemanager.posit.co/cran/2024-11-01/src/contrib/later_1.4.8.tar.gz	sha256:ce5d88b3fd1df409eaa21aa53bf20b1a9331f75cd69e7e9b2a27b40d2290d219
lattice	0.22-6	lattice_0.22-6.tar.gz	https://packagemanager.posit.co/cran/2024-11-01/src/contrib/lattice_0.22-6.tar.gz	sha256:fabb890486f7e55b84b1c06e9066b2b9461eda1f9119a75661a978cd60bae079
lazyeval	0.2.2	lazyeval_0.2.2.tar.gz	https://packagemanager.posit.co/cran/2024-11-01/src/contrib/lazyeval_0.2.2.tar.gz	sha256:d6904112a21056222cfcd5eb8175a78aa063afe648a562d9c42c6b960a8820d4
lifecycle	1.0.5	lifecycle_1.0.5.tar.gz	https://packagemanager.posit.co/cran/2024-11-01/src/contrib/lifecycle_1.0.5.tar.gz	sha256:61841e3e6edba056a88355a3f1d6698ab8d5d9cb3c05f2af0ec5a44ab516f8ee
littler	0.3.20	littler_0.3.20.tar.gz	https://packagemanager.posit.co/cran/2024-11-01/src/contrib/littler_0.3.20.tar.gz	sha256:836a008ffa3f9c84f3b473c88e142ff722ddc6272a751c5cd646645dcf7e62dc
magrittr	2.0.5	magrittr_2.0.5.tar.gz	https://packagemanager.posit.co/cran/2024-11-01/src/contrib/magrittr_2.0.5.tar.gz	sha256:3f5b5b1d4e6d12807a95c50b6c88cb1d8af2c5eb5213f08bfe58f278eca2ed23
MASS	7.3-61	MASS_7.3-61.tar.gz	https://packagemanager.posit.co/cran/2024-11-01/src/contrib/MASS_7.3-61.tar.gz	sha256:6e71fcd9260bcd0d94e19a592ea906ce8c3923e2a82bb0f38f10e0dac40f043f
Matrix	1.7-1	Matrix_1.7-1.tar.gz	https://packagemanager.posit.co/cran/2024-11-01/src/contrib/Matrix_1.7-1.tar.gz	sha256:1dbfb33fe5d46e27488b3569072ee7cd2f47c4d81d75c66b4e3531cadbc2bc65
memoise	2.0.1	memoise_2.0.1.tar.gz	https://packagemanager.posit.co/cran/2024-11-01/src/contrib/memoise_2.0.1.tar.gz	sha256:f85034ee98c8ca07fb3cd826142c1cd1e1e5747075a94c75a45783bbc4fe2deb
mgcv	1.9-1	mgcv_1.9-1.tar.gz	https://packagemanager.posit.co/cran/2024-11-01/src/contrib/mgcv_1.9-1.tar.gz	sha256:b56d8c070f33afcffcc2a2781e9791a7286415e2ba8fd1e3c7c86580ec561338
mime	0.13	mime_0.13.tar.gz	https://packagemanager.posit.co/cran/2024-11-01/src/contrib/mime_0.13.tar.gz	sha256:7132834cf3c3388eff12bad376d69fbcf8275acc37d36c290e59174fe3c7f3eb
miniUI	0.1.2	miniUI_0.1.2.tar.gz	https://packagemanager.posit.co/cran/2024-11-01/src/contrib/miniUI_0.1.2.tar.gz	sha256:017a481f7584d385241720f568323b8636ddad385e7098ceff5c12ebf879c22f
munsell	0.5.1	munsell_0.5.1.tar.gz	https://packagemanager.posit.co/cran/2024-11-01/src/contrib/munsell_0.5.1.tar.gz	sha256:03a2fd9ac40766cded96dfe33b143d872d0aaa262a25482ce19161ca959429a6
nlme	3.1-166	nlme_3.1-166.tar.gz	https://packagemanager.posit.co/cran/2024-11-01/src/contrib/nlme_3.1-166.tar.gz	sha256:cddac0aa2ef965d2e764e59f99a84111ad05e6e39561c4cd160310b81165c6a6
nnet	7.3-19	nnet_7.3-19.tar.gz	https://packagemanager.posit.co/cran/2024-11-01/src/contrib/nnet_7.3-19.tar.gz	sha256:bd6ccb9428cd38199bed1fd2fb1b6815d6713cc791c303560af2c9093337b63d
nortest	1.0-4	nortest_1.0-4.tar.gz	https://packagemanager.posit.co/cran/2024-11-01/src/contrib/nortest_1.0-4.tar.gz	sha256:a3850a048181d5d059c1e74903437569873b430c915b709808237d71fee5209f
openssl	2.2.2	openssl_2.2.2.tar.gz	https://packagemanager.posit.co/cran/2024-11-01/src/contrib/openssl_2.2.2.tar.gz	sha256:0cb45f413e8ce4664f79a20768fd7853c538ddb87f33819b5e7a6527ae828c96
otel	0.2.0	otel_0.2.0.tar.gz	https://packagemanager.posit.co/cran/2024-11-01/src/contrib/otel_0.2.0.tar.gz	sha256:ef8afe5a1bc8074bbeb8a84134699ef348a1f8ac629ffba25ee43ea7bcd8dd17
pillar	1.11.1	pillar_1.11.1.tar.gz	https://packagemanager.posit.co/cran/2024-11-01/src/contrib/pillar_1.11.1.tar.gz	sha256:056ce154238c9b5b8d5dcbcb52e1bc51d33870ce08c8a9ca9496478bd59f4653
pkgconfig	2.0.3	pkgconfig_2.0.3.tar.gz	https://packagemanager.posit.co/cran/2024-11-01/src/contrib/pkgconfig_2.0.3.tar.gz	sha256:330fef440ffeb842a7dcfffc8303743f1feae83e8d6131078b5a44ff11bc3850
plotly	4.10.4	plotly_4.10.4.tar.gz	https://packagemanager.posit.co/cran/2024-11-01/src/contrib/plotly_4.10.4.tar.gz	sha256:cfa995b7ed55d31a196707a3ae6ea352dd907cef3058a3bf1956fde39366d867
plotrix	3.8-4	plotrix_3.8-4.tar.gz	https://packagemanager.posit.co/cran/2024-11-01/src/contrib/plotrix_3.8-4.tar.gz	sha256:e6a22d93ab61c67af21cbbe1fe333c06934cf576a44745bf2beee59bceaae8d6
plyr	1.8.9	plyr_1.8.9.tar.gz	https://packagemanager.posit.co/cran/2024-11-01/src/contrib/plyr_1.8.9.tar.gz	sha256:15b5e7f711d53bf41b8687923983b8ef424563aa2f74c5195feb5b1df1aee103
promises	1.5.0	promises_1.5.0.tar.gz	https://packagemanager.posit.co/cran/2024-11-01/src/contrib/promises_1.5.0.tar.gz	sha256:bb68fd4065cc072996aed416f0b2388f58738797a3a38024720c29d67164747d
purrr	1.0.2	purrr_1.0.2.tar.gz	https://packagemanager.posit.co/cran/2024-11-01/src/contrib/purrr_1.0.2.tar.gz	sha256:2c1bc6bb88433dff0892b41136f2f5c23573b335ff35a4775c72aa57b48bbb63
R6	2.6.1	R6_2.6.1.tar.gz	https://packagemanager.posit.co/cran/2024-11-01/src/contrib/R6_2.6.1.tar.gz	sha256:59c6eba8b1b912eb7e104f65053235604be853425ee67c152ac4e86a1f2073b4
rappdirs	0.3.4	rappdirs_0.3.4.tar.gz	https://packagemanager.posit.co/cran/2024-11-01/src/contrib/rappdirs_0.3.4.tar.gz	sha256:2320ebc9ef3b1a32a1e63f94a6ce2c1c34d66782221a6531e786804f681abc66
RColorBrewer	1.1-3	RColorBrewer_1.1-3.tar.gz	https://packagemanager.posit.co/cran/2024-11-01/src/contrib/RColorBrewer_1.1-3.tar.gz	sha256:4f42f5423c45688b39f492c7892d93f37b4541831c8ffb140364d2bd89031ac0
Rcpp	1.1.2	Rcpp_1.1.2.tar.gz	https://packagemanager.posit.co/cran/2024-11-01/src/contrib/Rcpp_1.1.2.tar.gz	sha256:2746cf2fb188e5f0a84dbf5c8f68915b54564ed33e5754572f174e7b32e7f4f3
remotes	2.5.0	remotes_2.5.0.tar.gz	https://packagemanager.posit.co/cran/2024-11-01/src/contrib/remotes_2.5.0.tar.gz	sha256:4d663f1426cd88d42f4070f23d969305c575e0499ed1397be6607b0770d2850c
renv	1.2.3	renv_1.2.3.tar.gz	https://packagemanager.posit.co/cran/2024-11-01/src/contrib/renv_1.2.3.tar.gz	sha256:e349ae57877634ca6019b0be9042d92ad87b800097e23fafb55e1d26fcbd7b1d
rlang	1.3.0	rlang_1.3.0.tar.gz	https://packagemanager.posit.co/cran/2024-11-01/src/contrib/rlang_1.3.0.tar.gz	sha256:80aa537d49e72265f443a15e8936128af583caa5e572086518b503cbf064279c
rmarkdown	2.31	rmarkdown_2.31.tar.gz	https://packagemanager.posit.co/cran/2024-11-01/src/contrib/rmarkdown_2.31.tar.gz	sha256:0c5baed4a447292f15507794d2dde6b18bae1fa6c45ea6ada8bcd99ca211fcbc
rpart	4.1.23	rpart_4.1.23.tar.gz	https://packagemanager.posit.co/cran/2024-11-01/src/contrib/rpart_4.1.23.tar.gz	sha256:f8b7bdd8db997701a0a40d1ebb5606945f49236e2f4ac26031b28f3716b0ca6c
rprojroot	2.0.4	rprojroot_2.0.4.tar.gz	https://packagemanager.posit.co/cran/2024-11-01/src/contrib/rprojroot_2.0.4.tar.gz	sha256:b5f463fb25a24dac7a4ca916be57dbe22b5262e1f41e53871ca83e57d4336e99
S7	0.2.2	S7_0.2.2.tar.gz	https://packagemanager.posit.co/cran/2024-11-01/src/contrib/S7_0.2.2.tar.gz	sha256:6f33245dde05b74265b1c4d379e034bc3a8923d41e7b52e6e75a75ce97d42af7
sass	0.4.10	sass_0.4.10.tar.gz	https://packagemanager.posit.co/cran/2024-11-01/src/contrib/sass_0.4.10.tar.gz	sha256:4adb4c243f74d811276529e346deaa064bce28dbfbb837208fc85f2c47b79b30
scales	1.4.0	scales_1.4.0.tar.gz	https://packagemanager.posit.co/cran/2024-11-01/src/contrib/scales_1.4.0.tar.gz	sha256:d55ef5f08c92652d7a95cfa27584024723ab17873f1b2577dd488cb7c883ceee
shiny	1.14.0	shiny_1.14.0.tar.gz	https://packagemanager.posit.co/cran/2024-11-01/src/contrib/shiny_1.14.0.tar.gz	sha256:4a6945ed450effdb90b44ca0439e241f13488af59508be1c2fdab3f4de9dad11
shinyjs	2.1.1	shinyjs_2.1.1.tar.gz	https://packagemanager.posit.co/cran/2024-11-01/src/contrib/shinyjs_2.1.1.tar.gz	sha256:8f0b12f7434275d014599470f0dbf0ebd7fb65e8bd3c0ba75d0e207bd3051eff
sourcetools	0.1.7-2	sourcetools_0.1.7-2.tar.gz	https://packagemanager.posit.co/cran/2024-11-01/src/contrib/sourcetools_0.1.7-2.tar.gz	sha256:07e584b780d7fcdfa5b527214361fface49350ab49cf901bd3d5c15950e4f1a7
spatial	7.3-17	spatial_7.3-17.tar.gz	https://packagemanager.posit.co/cran/2024-11-01/src/contrib/spatial_7.3-17.tar.gz	sha256:8a9707ac1d5e2b067ac97d90d897a9ac0964ca7ac5b734b60cfc5bb720b343e2
stringi	1.8.4	stringi_1.8.4.tar.gz	https://packagemanager.posit.co/cran/2024-11-01/src/contrib/stringi_1.8.4.tar.gz	sha256:c219f8f64d1a2bfd4ca9528452d44d30db1899af14f4b9ef248412443bc669f3
stringr	1.5.1	stringr_1.5.1.tar.gz	https://packagemanager.posit.co/cran/2024-11-01/src/contrib/stringr_1.5.1.tar.gz	sha256:a4adec51bb3f04214b1d8ef40d3a58949f21b1497cbeaf2ba552e0891eef45de
survival	3.7-0	survival_3.7-0.tar.gz	https://packagemanager.posit.co/cran/2024-11-01/src/contrib/survival_3.7-0.tar.gz	sha256:134da8d50f2cbde922278d71a1934f213959c3d9731d32d4585dd89a74695cfe
sys	3.4.3	sys_3.4.3.tar.gz	https://packagemanager.posit.co/cran/2024-11-01/src/contrib/sys_3.4.3.tar.gz	sha256:051e7332e3074db826efef9059067721864f9d70adc55bbcae3a72e5ae83913a
tibble	3.3.1	tibble_3.3.1.tar.gz	https://packagemanager.posit.co/cran/2024-11-01/src/contrib/tibble_3.3.1.tar.gz	sha256:fb309f8a1939021b237c7e85ff7ad6e8ff5acd57a6230d220a452094b492b28f
tidyr	1.3.1	tidyr_1.3.1.tar.gz	https://packagemanager.posit.co/cran/2024-11-01/src/contrib/tidyr_1.3.1.tar.gz	sha256:e820c261cb5543f572f49276a7bdc7302aa4215da4bf850b1b939a315353835d
tidyselect	1.2.1	tidyselect_1.2.1.tar.gz	https://packagemanager.posit.co/cran/2024-11-01/src/contrib/tidyselect_1.2.1.tar.gz	sha256:169e97ba0bbfbcdf4a80534322751f87a04370310c40e27f04aac6525d45903c
tinytex	0.60	tinytex_0.60.tar.gz	https://packagemanager.posit.co/cran/2024-11-01/src/contrib/tinytex_0.60.tar.gz	sha256:a48f0e88a6cf0cd196e950dba8743df8916918a67c472923257c82bcb8a471e8
utf8	1.2.6	utf8_1.2.6.tar.gz	https://packagemanager.posit.co/cran/2024-11-01/src/contrib/utf8_1.2.6.tar.gz	sha256:4589f8b72291329e70b7f3a8c20f2feb4e7764eebad2e6976bc9a3eee7686ce9
vctrs	0.7.3	vctrs_0.7.3.tar.gz	https://packagemanager.posit.co/cran/2024-11-01/src/contrib/vctrs_0.7.3.tar.gz	sha256:b45078413e06ac624dddb7221a3a43908b405c8abec09822cb86638d30b0435b
viridisLite	0.4.3	viridisLite_0.4.3.tar.gz	https://packagemanager.posit.co/cran/2024-11-01/src/contrib/viridisLite_0.4.3.tar.gz	sha256:433be9bde66234dc76301fb4ffbbc9fc74bab5c14f4548d8ef2fc0065e121ef5
withr	3.0.3	withr_3.0.3.tar.gz	https://packagemanager.posit.co/cran/2024-11-01/src/contrib/withr_3.0.3.tar.gz	sha256:d86c6454164fc85678bfc85e2a6cce42f7461d45fa9a87de71f376e7956c991e
xfun	0.60	xfun_0.60.tar.gz	https://packagemanager.posit.co/cran/2024-11-01/src/contrib/xfun_0.60.tar.gz	sha256:6f5d4fe2067bade6d7b33916f86d756a017c068296c885a6e22c30b557b84597
xtable	1.8-8	xtable_1.8-8.tar.gz	https://packagemanager.posit.co/cran/2024-11-01/src/contrib/xtable_1.8-8.tar.gz	sha256:b999c031b91255fb92134b0e70e5f84c5609e9312c0518393b9d0a4aaf6b2510
yaml	2.3.12	yaml_2.3.12.tar.gz	https://packagemanager.posit.co/cran/2024-11-01/src/contrib/yaml_2.3.12.tar.gz	sha256:80ccf3dde851133ef3e333b818a817c296c6ccdacfc4709cd466995289cd556c
zoo	1.8-12	zoo_1.8-12.tar.gz	https://packagemanager.posit.co/cran/2024-11-01/src/contrib/zoo_1.8-12.tar.gz	sha256:e6c3862668f9e3422bced3b6fba485c76a1e91b48f5d6153822d6a61863b2fb8
zoom	2.0.6	zoom_2.0.6.tar.gz	https://packagemanager.posit.co/cran/2024-11-01/src/contrib/zoom_2.0.6.tar.gz	sha256:9828990c631df1529065ab9e96e2558345d30e5fc99e632bf225e22049533316
